Teacher_ID,First_Name,Last_Name,Salary,Type,DOB,Sex
1,Samantha,Darcy,82247,T,24-06-1973,F
2,Ronald,Downing,72016,T,22-07-1967,M
3,Tom,Ebbs,70563,T,19-08-1976,M
4,Maxwell,Baxter,67194,T,12-04-1978,M
5,Marla,Shea,31856,T,14-07-1972,F
6,Aileen,Randall,35059,T,30-11-1977,F
7,Cameron,Mcgregor,40750,T,16-05-1995,F
8,Eve,Needham,25133,T,28-10-1973,F
9,Barney,Dobson,75817,T,17-06-1980,M
10,Chadwick,Anderson,25410,T,31-05-1971,M
11,Francesca,Turner,57088,T,24-04-1974,F
12,Shelby,Johnson,28354,T,14-07-1987,F
13,Rosalyn,Flynn,73156,T,13-02-1966,F
14,Ruth,Campbell,36353,T,24-05-1972,F
15,Dani,Fleming,66282,T,06-10-1990,F
16,Mya,Booth,82049,T,20-03-1984,F
17,Piper,Fields,86139,T,14-04-1983,F
18,Anthony,Thatcher,56499,T,03-07-1970,M
19,Maribel,Wright,80967,T,08-12-1979,F
20,Tyson,Nayler,82673,T,19-02-1982,M
21,Alan,Ellis,46530,T,13-07-1978,M
22,Mike,Chadwick,43849,T,27-09-1968,M
23,Michael,Hill,97050,T,06-11-1975,M
24,Barney,Ingram,88359,T,26-04-1982,M
25,Julian,Cowan,77089,T,03-11-1974,M
26,Benjamin,Booth,68088,T,09-08-1990,M
27,Jamie,Fulton,25964,T,06-03-1969,F
28,Livia,Bishop,64369,T,08-01-1993,F
29,Eduardo,Ripley,61395,T,23-04-1995,M
30,Hank,Vane,60535,T,30-05-1977,M
31,Harry,Mcgregor,46996,T,08-02-1986,M
32,Danielle,Brett,72292,T,05-08-1994,F
33,Tom,Ashley,65242,T,13-01-1966,M
34,Tony,Kelly,56673,T,05-05-1968,M
35,Tony,Bullock,89867,T,07-11-1968,M
36,Leroy,Nurton,37558,T,16-07-1991,M
37,Daniel,Attwood,80960,T,17-03-1977,M
38,Percy,Walsh,47457,T,24-04-1992,M
39,Valentina,Ainsworth,96741,T,16-06-1971,F
40,Renee,Yarwood,17441,T,14-12-1979,F
41,Tom,Norman,32897,T,05-11-1973,M
42,Chadwick,Weasley,78046,T,12-06-1981,M
43,Logan,Baldwin,53341,T,28-10-1990,M
44,Carol,Rogers,22379,T,28-07-1977,F
45,Tony,Samuel,21697,T,13-01-1981,M
46,Michaela,Porter,21371,T,05-02-1974,F
47,Lucas,Wilkinson,54080,T,04-06-1978,M
48,Winnie,Utterson,94526,T,20-11-1974,F
49,Vivian,Collis,62288,T,04-09-1993,F
50,Aisha,Slater,77015,T,17-12-1971,F
51,Grace,Bailey,51341,T,03-05-1969,F
52,Charlize,Rowlands,32075,T,01-12-1989,F
53,Penelope,Murray,90357,T,18-05-1971,F
54,Miriam,Reynolds,67427,T,14-10-1986,F
55,Caitlyn,Snell,82783,T,29-01-1990,F
56,Jackeline,Willson,58877,T,18-09-1970,F
57,Bernadette,Addison,70960,T,16-06-1987,F
58,Georgia,Owen,26153,T,26-07-1980,F
59,Catherine,Stone,12601,T,04-05-1980,F
60,Anabel,Stewart,20040,T,19-02-1981,F
61,Rhea,Jordan,99752,T,16-08-1983,F
62,Johnny,Waterson,40129,T,04-09-1976,M
63,Noah,Blackwall,95659,T,11-02-1977,M
64,Rae,Barclay,23205,T,13-10-1977,F
65,Sage,Duvall,12406,T,23-05-1983,F
66,Bree,Gardner,78093,T,13-05-1971,F
67,Meredith,Rodwell,42014,T,07-02-1967,F
68,Iris,Donnelly,84448,T,15-02-1978,F
69,Enoch,Silva,76586,T,28-09-1983,M
70,Kendra,Harper,75636,T,10-06-1977,F
71,Oliver,Pitt,13153,T,08-02-1968,M
72,Ronald,Alldridge,62854,T,06-03-1991,M
73,Danny,Hepburn,64425,T,27-05-1970,M
74,Enoch,Khan,77364,T,20-04-1975,M
75,Ally,Hobson,87706,T,04-05-1971,F
76,Doug,Henderson,78192,T,12-11-1992,M
77,Alison,Mould,90722,T,17-02-1971,F
78,Bryon,Glynn,89569,T,19-05-1967,M
79,Harvey,Morris,93677,T,24-06-1974,M
80,Benjamin,Radley,90123,T,08-03-1982,M
81,Carolyn,Webster,96631,T,07-09-1991,F
82,Joseph,Vince,12402,T,10-09-1975,M
83,Carol,Avery,65282,T,15-10-1966,F
84,Harvey,Torres,71422,T,04-10-1972,M
85,Cadence,Emmott,55687,T,31-12-1981,F
86,Tony,Foxley,24743,T,23-06-1979,M
87,Lucas,Long,36404,T,03-10-1980,M
88,Priscilla,Callan,36434,T,23-11-1970,F
89,Wendy,Russell,41884,T,09-08-1968,F
90,Victoria,Anderson,87638,T,03-10-1971,F
91,Chadwick,Rose,12487,T,04-04-1984,M
92,Ron,Fox,74985,T,20-01-1990,M
93,Alexander,Lowe,44291,T,12-08-1976,M
94,Fiona,Glass,37010,T,09-09-1970,F
95,Josh,Roth,55135,T,17-12-1980,M
96,Martin,Kelly,33780,T,17-02-1974,M
97,Logan,Wren,99309,T,05-08-1974,F
98,Maya,Drew,37156,T,11-12-1965,F
99,Luke,Pitt,21930,T,23-08-1987,M
100,Harvey,Groves,23087,T,12-09-1970,M
101,Eryn,Taylor,70461,T,27-02-1990,F
102,Lorraine,Gavin,45931,T,26-04-1993,F
103,Mandy,Swan,39909,T,10-01-1985,F
104,Amy,Driscoll,35421,T,06-02-1983,F
105,Elly,Whitmore,95874,T,16-10-1990,F
106,Georgia,Ingram,93542,T,09-09-1994,F
107,Louise,Healy,65022,T,07-01-1980,F
108,Drew,Martin,43135,T,03-03-1967,F
109,Cara,Baker,81353,T,23-09-1993,F
110,Percy,Vollans,96663,T,28-03-1994,M
111,Benjamin,Gibson,90367,T,10-06-1970,M
112,Liliana,Mcguire,71841,T,02-08-1994,F
113,Keira,Todd,25560,T,22-10-1979,F
114,Anthony,Rixon,60301,T,04-12-1969,M
115,Tania,Allwood,85857,T,15-11-1988,F
116,Erick,Williams,95169,T,07-03-1980,M
117,Erick,Addis,23307,T,31-08-1988,M
118,George,Underhill,11599,T,24-07-1971,M
119,Boris,Ramsey,89011,T,15-01-1976,M
120,Fred,Hooper,95948,T,19-05-1976,M
121,Chelsea,Flett,46427,T,04-11-1986,F
122,Sienna,Hopkins,27545,T,10-11-1992,F
123,Martin,Harrington,25154,T,06-06-1971,M
124,Danny,Redfern,61692,T,15-09-1983,M
125,Ally,Trent,62258,T,26-03-1974,F
126,Julius,Stubbs,44143,T,09-10-1969,M
127,Stella,Utterson,39357,T,08-10-1980,F
128,Aiden,Farrell,42762,T,05-02-1974,M
129,Angela,Bayliss,39369,T,08-10-1968,F
130,Rick,Norburn,46998,T,28-11-1986,M
131,Lillian,Ainsworth,24629,T,02-05-1992,F
132,Matthew,Upsdell,86206,T,13-10-1977,M
133,Candace,Furnell,53139,T,20-04-1977,F
134,Rick,Ellis,24372,T,04-05-1986,M
135,Maia,Archer,29398,T,27-03-1971,F
136,Melody,Watt,63148,T,26-10-1978,F
137,Cara,Eaton,17392,T,17-01-1967,F
138,Chanelle,Norris,58648,T,28-02-1983,F
139,Lily,Myatt,86037,T,03-03-1985,F
140,Rocco,Durrant,84317,T,30-11-1989,M
141,Alex,Judd,59410,T,17-07-1984,F
142,Ruby,Verdon,64687,T,03-12-1981,F
143,Christine,Johnson,68817,T,22-02-1969,F
144,Jennifer,Drake,13703,T,31-05-1989,F
145,Joseph,Edler,63697,T,23-02-1986,M
146,Benjamin,Kirby,46658,T,06-01-1979,M
147,Kenzie,Malone,66044,T,13-09-1974,F
148,Mike,Jobson,50983,T,08-11-1973,M
149,Selena,Reynolds,63141,T,24-06-1980,F
150,Rick,Roth,97893,T,09-07-1994,M
151,Sofia,Furnell,19247,T,13-11-1976,F
152,Destiny,Stone,59214,T,12-04-1967,F
153,Domenic,Wright,48004,T,27-04-1983,M
154,Liam,Donnelly,28960,T,09-08-1968,M
155,Denny,Lee,67398,T,04-10-1971,M
156,Emely,Adler,20008,T,07-02-1977,F
157,Mason,Farrow,99209,T,07-05-1973,M
158,Chuck,Sanchez,98038,T,15-01-1982,M
159,Colleen,Hobbs,76305,T,12-11-1966,F
160,Ronald,Sloan,68681,T,09-06-1967,M
161,Barney,Osman,94357,T,03-05-1967,M
162,Maddison,Andersson,71024,T,27-11-1974,F
163,Noah,Wilde,10661,T,23-04-1985,M
164,John,Davies,34052,T,06-04-1984,M
165,Alice,Khan,78594,T,23-09-1984,F
166,Jade,Rowan,67787,T,21-08-1970,F
167,Carol,Cooper,59731,T,04-11-1982,F
168,Daniel,Furnell,26171,T,28-07-1979,M
169,Jack,Baldwin,10838,T,14-05-1985,M
170,Denny,Hammond,37606,T,25-07-1969,M
171,Sarah,Mcneill,99464,T,13-07-1985,F
172,Gemma,Grady,24080,T,31-07-1968,F
173,Maxwell,Douglas,24532,T,24-08-1972,M
174,Irene,Drummond,14963,T,25-12-1982,F
175,David,John,80484,T,02-07-1981,M
176,Winnie,Summers,82245,T,18-11-1991,F
177,Rufus,Shaw,45017,T,17-12-1976,M
178,Percy,Bennett,95128,T,29-11-1975,M
179,Emma,Taylor,96348,T,05-06-1994,F
180,Luna,Bailey,74111,T,09-06-1967,F
181,Alan,Shepherd,15950,T,08-07-1977,M
182,Liam,Hall,57058,T,09-03-1988,M
183,Lynn,Driscoll,75194,T,11-05-1977,F
184,Harry,Payne,34782,T,09-09-1995,M
185,Leslie,Yard,31054,T,07-04-1981,F
186,Roger,Rogers,13920,T,25-11-1980,M
187,Charlize,Locke,69002,T,09-10-1973,F
188,Tony,Williams,96859,T,22-10-1967,M
189,Bryon,Knight,86906,T,10-07-1986,M
190,Boris,Smith,98225,T,16-01-1976,M
191,Sabrina,Dyson,76276,T,11-05-1977,F
192,Henry,Vass,51180,T,10-02-1975,M
193,Chadwick,Upsdell,14094,T,27-08-1976,M
194,Rihanna,Leigh,76629,T,21-03-1976,F
195,Alba,Khan,92556,T,11-08-1974,F
196,Molly,Ellis,84558,T,04-04-1976,F
197,Mike,Summers,59285,T,11-05-1976,M
198,Alexander,Gregory,28467,T,02-05-1971,M
199,Kieth,Glass,50112,T,13-01-1983,M
200,Cameron,Todd,76424,T,26-09-1976,F
201,Elijah,Hopkins,10230,T,24-04-1983,M
202,Aiden,Brown,28328,T,09-11-1989,M
203,Abdul,Thorpe,51077,T,21-01-1972,M
204,Rosa,Mason,96663,T,29-05-1986,F
205,Carl,Curtis,38650,T,08-06-1974,M
206,Julia,Forth,10325,T,27-05-1987,F
207,Greta,Speed,73260,T,04-04-1971,F
208,Fiona,Norburn,24845,T,15-07-1969,F
209,Leanne,Lane,20266,T,31-01-1968,F
210,Julius,James,18360,T,09-04-1975,M
211,Luke,Ogilvy,60677,T,14-10-1978,M
212,Josh,Graves,95609,T,19-03-1977,M
213,Domenic,Penn,77492,T,24-03-1994,M
214,Maxwell,Fisher,87248,T,01-08-1976,M
215,Adalind,Chadwick,28361,T,18-02-1994,F
216,Sebastian,Jenkins,15801,T,01-10-1966,M
217,Lara,Owen,77056,T,29-10-1971,F
218,Nick,Cooper,12323,T,07-01-1967,M
219,Angela,Bailey,91152,T,13-01-1993,F
220,Gina,Lyon,80136,T,28-09-1967,F
221,Roger,Kennedy,72965,T,16-01-1993,M
222,Domenic,Morrow,85439,T,30-05-1973,M
223,Mason,Smith,15519,T,18-02-1994,M
224,Jasmine,Lee,58998,T,16-03-1995,F
225,Alexia,Morgan,58853,T,28-11-1983,F
226,Julian,Carpenter,79113,T,11-10-1985,M
227,David,Hobbs,12804,T,08-01-1973,M
228,Adina,Dyson,91581,T,01-05-1984,F
229,Hank,Varndell,41732,T,25-12-1979,M
230,Rocco,Sinclair,16486,T,03-12-1969,M
231,Tyson,Walker,80635,T,18-06-1986,M
232,Rufus,Jenkins,44606,T,13-05-1985,M
233,John,Nelson,25145,T,15-03-1995,M
234,Megan,Briggs,22602,T,26-11-1966,F
235,Roger,Benfield,35848,T,19-03-1986,M
236,Colleen,Brooks,34275,T,30-07-1973,F
237,Crystal,Hardwick,34091,T,16-12-1972,F
238,Amelia,Turner,77901,T,14-11-1994,F
239,Chelsea,Preston,53951,T,06-04-1983,F
240,Ivy,Chester,65969,T,16-07-1972,F
241,Cadence,Gray,63594,T,10-10-1981,F
242,Kamila,Wigley,76295,T,18-04-1995,F
243,Monica,Widdows,53006,T,03-07-1990,F
244,Wade,Little,24537,T,15-03-1992,M
245,Logan,Martin,10307,T,17-07-1984,M
246,Javier,Little,33210,T,20-08-1981,M
247,Janelle,Fisher,93626,T,30-07-1984,F
248,Rocco,Hopkinson,16473,T,11-08-1995,M
249,Wade,Tyrrell,14489,T,13-09-1986,M
250,Audrey,Long,69627,T,29-03-1994,F
251,Tyson,Thomson,46956,T,02-09-1994,M
252,Daron,Ashley,97367,T,19-03-1985,M
253,Chad,Farmer,42477,T,27-06-1990,M
254,Mason,Baker,76800,T,17-07-1983,M
255,Enoch,Smith,75693,T,04-07-1975,M
256,Ron,Russel,67452,T,21-01-1983,M
257,Jenna,Cooper,32893,T,06-08-1977,F
258,Abbey,Gilbert,99750,T,22-01-1995,F
259,Chad,Weasley,78579,T,14-09-1993,M
260,Hank,Pearce,32011,T,08-12-1967,M
261,Nick,Mooney,76682,T,02-06-1973,M
262,Harmony,Drummond,12473,T,16-11-1974,F
263,Doug,Collingwood,93104,T,21-11-1987,M
264,Candace,Slater,48876,T,10-04-1966,F
265,Audrey,Leslie,62895,T,11-01-1988,F
266,Stacy,Goodman,73421,T,11-01-1975,F
267,Lucy,Coleman,13078,T,30-10-1969,F
268,Gabriel,Thomson,50752,T,01-06-1971,M
269,Moira,Mcnally,32374,T,22-11-1982,F
270,Olivia,Pearson,87606,T,09-07-1992,F
271,Christine,Harrington,91858,T,05-08-1982,F
272,Leanne,Drummond,47897,T,03-11-1987,F
273,Denis,Woodley,12208,T,11-12-1978,M
274,Isabella,Rose,80549,T,16-12-1981,F
275,Ember,Pratt,25931,T,19-02-1985,F
276,Dani,Forester,40180,T,24-12-1979,F
277,Boris,Simpson,42254,T,04-07-1976,M
278,Matt,Poulton,11909,T,25-09-1967,M
279,Daniel,Sanchez,46373,T,15-12-1982,M
280,Phillip,Johnson,54901,T,04-07-1966,M
281,Janelle,Stone,91992,T,26-01-1987,F
282,Gil,Dobson,80902,T,12-03-1991,M
283,Ron,Gonzales,76269,T,16-11-1986,M
284,Adalind,Hardwick,58128,T,17-12-1978,F
285,Johnathan,Button,16928,T,25-03-1989,M
286,Teagan,Kelly,37455,T,17-07-1968,F
287,Javier,Vinton,87043,T,11-09-1981,M
288,Nancy,Collins,69649,T,02-05-1976,F
289,Alba,James,58660,T,18-07-1970,F
290,Marvin,Wright,45628,T,15-04-1988,M
291,Oliver,Neal,41509,T,24-07-1985,M
292,Johnny,Bayliss,51674,T,20-07-1984,M
293,Charlize,Chapman,12912,T,24-05-1966,F
294,Phoebe,Foxley,83005,T,19-02-1979,F
295,Carla,Martin,57796,T,08-12-1965,F
296,Adalind,Briggs,54477,T,06-07-1991,F
297,Jade,Buckley,17532,T,24-01-1967,F
298,Gemma,Preston,22499,T,15-09-1980,F
299,Brad,Dickson,73090,T,01-10-1993,M
300,Jack,Wheeler,94618,T,30-04-1992,M
301,Alexa,Jones,47591,T,17-07-1989,F
302,Barry,Pierce,76407,T,21-08-1992,M
303,Hank,Watson,85706,T,04-05-1992,M
304,Trisha,James,40951,T,13-02-1990,F
305,Rowan,Fowler,95656,T,28-06-1993,F
306,Rowan,Stewart,46478,T,07-10-1984,F
307,Iris,Patel,88234,T,19-04-1973,F
308,Alison,Dwyer,59966,T,17-02-1981,F
309,Claire,Crawford,20251,T,10-04-1969,F
310,Makenzie,Henderson,39910,T,01-10-1967,F
311,Josh,Moore,65383,T,12-08-1983,M
312,Jack,Preston,22630,T,25-01-1987,M
313,Meredith,Spencer,57458,T,04-04-1975,F
314,Ramon,Denton,67362,T,28-04-1975,M
315,Jamie,Vallins,15383,T,03-04-1980,F
316,Dani,Paterson,87223,T,11-01-1977,F
317,Cara,Janes,30866,T,12-11-1977,F
318,Candice,Walker,67909,T,28-07-1979,F
319,Charlize,Williams,51355,T,17-04-1984,F
320,Harvey,Funnell,41244,T,17-06-1987,M
321,Julian,Powell,40244,T,29-07-1976,M
322,Hannah,Wilkinson,41222,T,04-10-1986,F
323,Enoch,Russell,43750,T,08-11-1972,M
324,Macy,Hogg,20549,T,23-03-1987,F
325,Lucas,Walter,42625,T,26-05-1968,M
326,Rufus,Andersson,72194,T,03-11-1967,M
327,Phillip,Talbot,63238,T,09-03-1975,M
328,Sadie,Leslie,96078,T,18-07-1993,F
329,Cassandra,Victor,40090,T,24-09-1993,F
330,Henry,Rossi,76609,T,24-10-1978,M
331,Paige,Randall,96124,T,02-04-1987,F
332,Sabrina,Pratt,34534,T,31-01-1966,F
333,Nate,Pope,63979,T,21-06-1974,M
334,Russel,Ripley,21968,T,15-09-1995,M
335,Abbey,Ogilvy,12004,T,24-08-1974,F
336,Javier,Cox,73783,T,30-06-1984,M
337,Marina,Rigg,17294,T,13-04-1994,F
338,Carissa,Avery,30817,T,29-09-1968,F
339,Carl,Warden,50000,T,01-10-1991,M
340,Johnathan,Lee,21763,T,14-12-1965,M
341,Oliver,Stuart,70720,T,02-10-1976,M
342,Jackeline,Lomax,15277,T,01-10-1977,F
343,Carol,Parker,43273,T,27-03-1982,F
344,Jazmin,Driscoll,27164,T,04-10-1976,F
345,Roger,Victor,10935,T,16-07-1993,M
346,Tyson,Gates,75947,T,23-12-1987,M
347,Caleb,Bullock,11964,T,28-08-1982,M
348,Chad,Rodwell,79146,T,27-12-1994,M
349,Oliver,Dyson,83274,T,22-03-1984,M
350,Rufus,Gavin,66063,T,14-08-1968,M
351,Erica,Weatcroft,69442,T,21-01-1975,F
352,Tara,Dillon,30848,T,25-09-1975,F
353,Manuel,Fowler,37472,T,02-08-1972,M
354,Chad,Varley,25763,T,06-07-1977,M
355,Hazel,Simmons,95706,T,18-02-1969,F
356,Mike,Hammond,85710,T,11-02-1983,M
357,Tyler,Gordon,40560,T,13-02-1990,M
358,Miley,Styles,26591,T,12-11-1970,F
359,Ramon,Underhill,66148,T,23-10-1969,M
360,Elly,Robe,67927,T,25-10-1989,F
361,Karen,Martin,90003,T,17-04-1986,F
362,Barney,Giles,13097,T,28-06-1981,M
363,Nicole,Myatt,76236,T,23-05-1976,F
364,Marissa,Wills,23250,T,05-05-1972,F
365,Josh,Simmons,63990,T,31-08-1991,M
366,Meredith,Baxter,51423,T,06-01-1966,F
367,Mike,Fowler,18783,T,18-04-1989,M
368,Manuel,Walsh,46107,T,11-11-1987,M
369,Logan,Norburn,63379,T,02-05-1977,M
370,Chadwick,Saunders,22843,T,31-07-1979,M
371,Eryn,Tanner,28804,T,02-12-1989,F
372,Jamie,Ross,89048,T,06-07-1968,F
373,Adalind,Yarlett,46147,T,02-07-1987,F
374,Chester,Sinclair,76442,T,22-04-1985,M
375,Noah,Farmer,24205,T,03-01-1984,M
376,Karla,Savage,87345,T,30-10-1975,F
377,Nathan,Edley,69746,T,05-01-1976,M
378,Eduardo,Speed,72908,T,12-11-1986,M
379,Zara,Snell,94004,T,05-08-1975,F
380,George,Robertson,48381,T,16-01-1987,M
381,Denis,Simmons,47959,T,15-06-1976,M
382,Bryon,Powell,47498,T,31-01-1994,M
383,Mason,Kennedy,68639,T,27-07-1991,M
384,Ilona,Judd,39399,T,23-05-1982,F
385,Rae,Mitchell,41899,T,04-07-1986,F
386,Brad,Wright,82134,T,11-09-1973,M
387,Wade,Gibson,25154,T,14-06-1994,M
388,Cassandra,Snow,73954,T,07-11-1981,F
389,Alan,Saunders,15400,T,21-01-1981,M
390,Evie,Vallins,61103,T,26-02-1973,F
391,Natalie,Graham,37434,T,23-11-1985,F
392,Zoe,Hewitt,97815,T,27-11-1982,F
393,Alan,Hood,97013,T,18-02-1968,M
394,Sasha,Stark,14507,T,23-10-1985,F
395,Tyson,Adler,91046,T,13-06-1973,M
396,Mona,Holmes,30817,T,27-05-1973,F
397,Sasha,Oswald,72805,T,31-12-1967,F
398,Tyson,Flack,63423,T,30-05-1972,M
399,Noah,Hudson,41185,T,13-01-1973,M
400,Erin,Nicholls,66708,T,09-05-1979,F
401,Adalie,Morgan,50915,T,24-01-1995,F
402,Joy,Vincent,90048,T,18-11-1966,F
403,John,Abbot,22941,T,15-08-1977,M
404,Johnathan,Larsen,28925,T,26-12-1974,M
405,Abbey,Cassidy,53866,T,14-11-1974,F
406,Javier,Hunt,87615,T,24-06-1981,M
407,Maia,Robertson,23032,T,02-12-1983,F
408,Nicholas,Anderson,89509,T,24-07-1977,M
409,Joy,Goldsmith,90638,T,31-08-1986,F
410,Alba,Huggins,15091,T,12-09-1971,F
411,Chester,Clark,30669,T,01-08-1974,M
412,Doug,Zaoui,60696,T,17-05-1983,M
413,Elijah,Nurton,95404,T,07-12-1987,M
414,Marvin,Cork,69701,T,26-01-1990,M
415,Oliver,Plumb,75423,T,16-04-1982,M
416,Stella,Price,57915,T,05-01-1969,F
417,Makenzie,Torres,95333,T,18-03-1995,F
418,Sasha,Simpson,70611,T,31-07-1990,F
419,Manuel,Malone,51166,T,02-07-1968,M
420,Peter,Oldfield,75625,T,29-11-1971,M
421,Nathan,Todd,90683,T,10-05-1988,M
422,Judith,Edler,40557,T,21-09-1974,F
423,Leslie,Callan,66048,T,23-11-1969,F
424,Tom,Coleman,81246,T,15-04-1975,M
425,Sebastian,Raven,42854,T,24-10-1967,M
426,Roger,Egerton,41491,T,25-04-1980,M
427,Olivia,Janes,94825,T,27-08-1972,F
428,Liliana,Jones,85614,T,17-01-1968,F
429,Colleen,Robinson,36803,T,29-08-1976,F
430,Jolene,Simpson,41504,T,09-02-1984,F
431,Tania,Partridge,94747,T,29-01-1982,F
432,Jacob,Price,90909,T,04-08-1970,M
433,Thea,Vincent,77893,T,02-08-1966,F
434,Bob,Saunders,54209,T,12-04-1992,M
435,Rae,Edler,82972,T,19-08-1966,F
436,Julius,Vane,35508,T,06-03-1976,M
437,Alexia,Flanders,11966,T,27-12-1993,F
438,Sebastian,Goodman,50812,T,25-12-1980,M
439,Bob,Farrell,71196,T,05-06-1994,M
440,Cecilia,Salt,58424,T,18-04-1982,F
441,Tom,Hill,26026,T,14-02-1983,M
442,Tony,Davies,72395,T,08-03-1987,M
443,Phillip,Clark,26013,T,03-09-1979,M
444,Chris,Lane,57356,T,26-01-1967,M
445,Britney,Norburn,93390,T,31-01-1988,F
446,Carl,Stark,92929,T,05-05-1987,M
447,Isabella,Swift,73713,T,06-07-1994,F
448,Enoch,Edwards,21839,T,27-03-1972,M
449,Willow,Oliver,14717,T,11-03-1982,F
450,Boris,Emmott,58222,T,07-02-1984,M
451,Sonya,Morrow,10523,T,01-11-1972,F
452,Makena,Weasley,61401,T,02-07-1985,F
453,Benny,Benfield,99820,T,25-06-1973,M
454,Peter,Bloom,27909,T,04-03-1985,M
455,Chester,Bowen,16099,T,15-02-1987,M
456,Lucas,Osmond,32209,T,16-12-1984,M
457,Felicity,Murray,94372,T,14-06-1976,F
458,Harry,Smith,45219,T,28-08-1988,M
459,Sloane,Kennedy,23399,T,17-02-1978,F
460,Hayden,Clifton,66512,T,25-04-1972,M
461,Anabelle,Anderson,51421,T,29-05-1980,F
462,Claire,Jenkins,60770,T,24-10-1983,F
463,Iris,Willson,88660,T,27-11-1991,F
464,Bob,Baxter,43628,T,24-05-1971,M
465,Dani,Ramsey,85437,T,05-01-1975,F
466,Lucas,Ross,32841,T,18-10-1992,M
467,Julius,Hobson,61803,T,09-11-1984,M
468,Cristal,Robinson,17250,T,25-09-1974,F
469,Nathan,Neal,76500,T,30-08-1966,M
470,Gina,Chapman,40725,T,13-02-1991,F
471,Alba,Isaac,95331,T,22-10-1982,F
472,Tom,Parr,13285,T,31-05-1967,M
473,Hannah,Ward,68260,T,02-10-1991,F
474,Roger,Atkinson,64770,T,10-11-1993,M
475,Anthony,Vernon,69759,T,25-12-1982,M
476,Johnathan,Bishop,71962,T,26-05-1984,M
477,Caleb,Page ,31849,T,20-07-1980,M
478,Callie,Vincent,38473,T,28-11-1974,F
479,Rufus,Oswald,14819,T,30-10-1986,M
480,Hazel,Bishop,89825,T,17-08-1973,F
481,Lucas,Adams,15971,T,21-09-1982,M
482,Denny,Button,57638,T,12-11-1985,M
483,Ramon,Radley,39364,T,05-07-1973,M
484,Mary,Vane,75287,T,20-03-1984,F
485,Hank,Vince,52110,T,04-06-1989,M
486,Makena,Atkinson,52076,T,09-03-1990,F
487,Boris,Nicolas,15560,T,27-03-1982,M
488,Sebastian,Hall,35033,T,13-05-1982,M
489,Carla,Gray,17580,T,24-05-1973,F
490,Anthony,Jenkins,81427,T,17-10-1975,M
491,Fred,Willson,78885,T,28-12-1988,M
492,Gina,May,44147,T,17-05-1992,F
493,Johnathan,Jennson,53820,T,14-06-1992,M
494,Daniel,Gordon,31742,T,05-04-1993,M
495,Jack,Ellwood,85925,T,26-05-1994,M
496,Norah,Page ,77701,T,28-12-1974,F
497,Elijah,Radcliffe,33715,T,30-09-1967,M
498,Rufus,Holt,65383,T,02-05-1987,M
499,Chad,Moore,86506,T,29-02-1980,M
500,Hope,Needham,50707,T,29-03-1988,F
